<?xml version="1.0" encoding="UTF-8"?>
<ofd:Page xmlns:ofd="http://www.ofdspec.org/2016">
	<ofd:Area>
		<ofd:PhysicalBox>0 0 209.9733 139.9117</ofd:PhysicalBox>
	</ofd:Area>
	
<ofd:Template TemplateID="2176" ZOrder="Background"/><ofd:Content><ofd:Layer ID="2428"><ofd:TextObject ID="2398" Boundary="10 120.8689 190 6.3476" Font="80" Size="4.2333"><ofd:TextCode X="66.4252" Y="4.6957" DeltaX="4.2333 4.2333 4.2333 4.2333 2.1167 2.1167 2.1167 2.1167 2.1167 2.1167 4.2333 4.2333 4.2333 4.2333 2.1167 2.1167 2.1167 2.1167">买票请到12306 发货请到95306</ofd:TextCode></ofd:TextObject><ofd:TextObject ID="2399" Boundary="9 16 70 13" Font="80" Size="4.2333"><ofd:TextCode X="0" Y="4.2291" DeltaX="4.2333 4.2333 4.2333 4.2333 2.1166 2.1166 2.1166 2.1166 2.1166 2.1166 2.1166 2.1166 2.1166 2.1166 2.1166 2.1166 2.1166 2.1166 2.1166 2.1166 2.1166 2.1166 2.1166 2.1166">发票号码:25429165818002269811</ofd:TextCode></ofd:TextObject><ofd:TextObject ID="2401" Boundary="7.5 38 78 9" Font="2400" Size="4.2333"><ofd:TextCode X="27.3584" Y="3.6364" DeltaX="2.1166 2.1166 2.1166 2.1166 2.1166 2.1166 2.1166 2.1166 2.1166 2.1166">Changshanan</ofd:TextCode></ofd:TextObject><ofd:TextObject ID="2402" Boundary="85.5 29.77 30 5.2897" Font="2400" Size="5.6444"><ofd:TextCode X="9.3556" Y="4.8485" DeltaX="2.8222 2.8222 2.8222">G353</ofd:TextCode></ofd:TextObject><ofd:TextObject ID="2405" Boundary="9 47 30 9" Font="80" Size="4.2333"><ofd:TextCode X="0" Y="3.6364" DeltaX="2.1167 2.1167 2.1167 2.1167 4.2333 2.1167 2.1166 4.2333 2.1166 2.1166">2025年08月06日</ofd:TextCode></ofd:TextObject><ofd:TextObject ID="2406" Boundary="62.7 6 92 20" Font="2400" Size="7.0556"><ofd:TextCode X="0" Y="6.0608" DeltaX="7.0556 7.0556 7.0556 7.0556 7.0556 7.0556 7.0556 7.0556 7.0556 7.0556 7.0556">电子发票（铁路电子客票）</ofd:TextCode></ofd:TextObject><ofd:TextObject ID="2407" Boundary="44 47 30 9" Font="80" Size="4.2333"><ofd:TextCode X="0" Y="3.6364" DeltaX="2.1167 2.1167 2.1167 2.1167 2.1166">11:03开</ofd:TextCode></ofd:TextObject><ofd:TextObject ID="2408" Boundary="75 47 44.9565 8.9924" Font="80" Size="4.2333"><ofd:TextCode X="0" Y="3.6364" DeltaX="2.1167 2.1167 4.2333 2.1166 2.1166 2.1166">12车13B号</ofd:TextCode></ofd:TextObject><ofd:TextObject ID="2409" Boundary="9 56 50 10" Font="80" Size="4.2"><ofd:TextCode X="0" Y="6.9782" DeltaX="4.2 4.2">票价:</ofd:TextCode></ofd:TextObject><ofd:TextObject ID="2410" Boundary="9 56 50 10" Font="12" Size="6.3"><ofd:TextCode X="10.5" Y="6.9782">￥</ofd:TextCode></ofd:TextObject><ofd:TextObject ID="2411" Boundary="9 56 50 10" Font="80" Size="6.3"><ofd:TextCode X="16.8" Y="6.9782" DeltaX="3.15 3.15 3.15 3.15 3.15">314.50</ofd:TextCode></ofd:TextObject><ofd:TextObject ID="2412" Boundary="127 47 76 8.99" Font="80" Size="4.2333"><ofd:TextCode X="0" Y="3.6364" DeltaX="4.2333 4.2333">二等座</ofd:TextCode></ofd:TextObject><ofd:TextObject ID="2413" Boundary="9 76 50 9" Font="80" Size="4.2333"><ofd:TextCode X="0" Y="6.0219" DeltaX="2.1167 2.1167 2.1167 2.1167 2.1166 2.1166 2.1166 2.1166 2.1166 2.1166 2.1166 2.1166 2.1166 2.1166 2.1166 2.1167 2.1166">1302041980****1213</ofd:TextCode></ofd:TextObject><ofd:TextObject ID="2414" Boundary="75 76 65 9" Font="80" Size="4.2333"><ofd:TextCode X="0" Y="6.0219" DeltaX="4.2333">阎君</ofd:TextCode></ofd:TextObject><ofd:TextObject ID="2415" Boundary="9 96.0075 80 9" Font="80" Size="4.2333"><ofd:TextCode X="0" Y="6.0219" DeltaX="4.2333 4.2333 4.2333 4.2333 4.2333 2.1166 2.1166 2.1166 2.1166 2.1166 2.1166 2.1166 2.1166 2.1166 2.1166 2.1166 2.1166 2.1166 2.1166 2.1166 2.1166 2.1166 2.1166 2.1166 2.1166 2.1166 2.1167 2.1167 2.1167 2.1167">电子客票号:65818A6086080699541652025</ofd:TextCode></ofd:TextObject><ofd:TextObject ID="2416" Boundary="32.4 107 90 13" Font="80" Size="4.2"><ofd:TextCode X="0" Y="3.6078" DeltaX="4.2 4.2 4.2 4.2 4.2 4.2 4.2 4.2 4.2 4.2">中国水电基础局有限公司</ofd:TextCode></ofd:TextObject><ofd:TextObject ID="2417" Boundary="127 107 82 13" Font="80" Size="4.2333"><ofd:TextCode X="0" Y="3.6364" DeltaX="4.2333 4.2333 4.2333 4.2333 4.2333 4.2333 4.2333 4.2333 2.1166 2.1166 2.1166 2.1166 2.1166 2.1166 2.1166 2.1166 2.1166 2.1166 2.1166 2.1166 2.1166 2.1166 2.1166 2.1167 2.1167 2.1167">统一社会信用代码:911202221030604602</ofd:TextCode></ofd:TextObject><ofd:TextObject ID="2420" Boundary="151 16 50 13" Font="80" Size="4.2333"><ofd:TextCode X="1.3171" Y="3.6364" DeltaX="4.2333 4.2333 4.2333 4.2333 2.1166 2.1166 2.1166 2.1166 2.1166 4.2333 2.1166 2.1166 4.2333 2.1166 2.1166">开票日期:2025年08月07日</ofd:TextCode></ofd:TextObject><ofd:TextObject ID="2421" Boundary="115.5 38 78 9" Font="2400" Size="4.2333"><ofd:TextCode X="28.4168" Y="3.6364" DeltaX="2.1166 2.1166 2.1166 2.1166 2.1166 2.1166 2.1166 2.1166 2.1166">Guiyangbei</ofd:TextCode></ofd:TextObject><ofd:TextObject ID="2422" Boundary="117 28.8287 75 9" Font="95" Size="7"><ofd:TextCode X="24.9" Y="6.013" DeltaX="7 7">贵阳北</ofd:TextCode></ofd:TextObject><ofd:TextObject ID="2423" Boundary="117 28.8287 75 9" Font="80" Size="4.2"><ofd:TextCode X="45.9" Y="6.013">站</ofd:TextCode></ofd:TextObject><ofd:TextObject ID="2424" Boundary="9 28.8287 75 9" Font="95" Size="7"><ofd:TextCode X="24.9" Y="6.013" DeltaX="7 7">长沙南</ofd:TextCode></ofd:TextObject><ofd:TextObject ID="2425" Boundary="9 28.8287 75 9" Font="80" Size="4.2"><ofd:TextCode X="45.9" Y="6.013">站</ofd:TextCode></ofd:TextObject><ofd:TextObject ID="2426" Boundary="10 126.423 190 6.3476" Font="80" Size="4.2333"><ofd:TextCode X="73.8335" Y="4.6957" DeltaX="4.2333 4.2333 4.2333 4.2333 4.2333 4.2333 4.2333 4.2333 4.2333">中国铁路祝您旅途愉快</ofd:TextCode></ofd:TextObject><ofd:TextObject ID="2427" Boundary="9 107 27.2 10.6" Font="80" Size="4.2333"><ofd:TextCode X="0" Y="3.6364" DeltaX="4.2333 4.2333 4.2333 4.2333 4.2333">购买方名称:</ofd:TextCode></ofd:TextObject><ofd:ImageObject ID="2404" CTM="20 0 0 20 0 0" Boundary="172.5 59.5 20 20" ResourceID="2403"/><ofd:ImageObject ID="2419" CTM="21 0 0 5.2897 0 0" Boundary="90 34.8 21 5.2897" ResourceID="2418"/></ofd:Layer><ofd:Layer Type="Background" ID="2429"><ofd:PathObject ID="2430" Boundary="89.5 3.5 31 21" LineWidth="1"><ofd:StrokeColor Value="255 0 0" ColorSpace="2431"/><ofd:Clips TransFlag="false"><ofd:Clip><ofd:Area><ofd:Path Boundary="0.5 0.5 30 20" Stroke="false" Fill="true" Rule="Even-Odd"><ofd:AbbreviatedData>M 0 0 L 30 0 L 30 20 L 0 20 C </ofd:AbbreviatedData></ofd:Path></ofd:Area></ofd:Clip></ofd:Clips><ofd:AbbreviatedData>M 1 10.5 B 1 5.2533 7.4919 1 15.5 1 B 23.5081 1 30 5.2533 30 10.5 B 30 15.7467 23.5081 20 15.5 20 B 7.4919 20 1 15.7467 1 10.5 C </ofd:AbbreviatedData></ofd:PathObject><ofd:PathObject ID="2433" Boundary="91.2 5.2 27.6 17.6" LineWidth="0.3"><ofd:StrokeColor Value="255 0 0" ColorSpace="2431"/><ofd:AbbreviatedData>M 0.3 8.8 B 0.3 4.1056 6.3442 0.3 13.8 0.3 B 21.2558 0.3 27.3 4.1056 27.3 8.8 B 27.3 13.4944 21.2558 17.3 13.8 17.3 B 6.3442 17.3 0.3 13.4944 0.3 8.8 C </ofd:AbbreviatedData></ofd:PathObject><ofd:TextObject ID="2434" Boundary="94.5 11.5913 38 8.94" Font="2436" Size="2.47"><ofd:FillColor Value="255 0 0" ColorSpace="2431"/><ofd:Clips TransFlag="false"><ofd:Clip><ofd:Area><ofd:Path Boundary="0 0 25.5 8.94" Stroke="false" Fill="true" Rule="Even-Odd"><ofd:AbbreviatedData>M 0 0 L 25.5 0 L 25.5 8.94 L 0 8.94 C </ofd:AbbreviatedData></ofd:Path></ofd:Area></ofd:Clip></ofd:Clips><ofd:TextCode X="2" Y="4.299" DeltaX="2.906 2.906 2.906 2.906 2.906">国家税务总局</ofd:TextCode></ofd:TextObject><ofd:TextObject ID="2437" CTM="0.2647 -0.9643 0.9643 0.2647 3.7074 8.7712" Boundary="90 4 30 20" Font="2436" Size="2.47"><ofd:FillColor Value="255 0 0" ColorSpace="2431"/><ofd:TextCode X="-1.235" Y="0.8904">全</ofd:TextCode></ofd:TextObject><ofd:TextObject ID="2438" CTM="0.7178 -0.6963 0.6963 0.7178 5.681 6.1913" Boundary="90 4 30 20" Font="2436" Size="2.47"><ofd:FillColor Value="255 0 0" ColorSpace="2431"/><ofd:TextCode X="-1.235" Y="0.8904">国</ofd:TextCode></ofd:TextObject><ofd:TextObject ID="2439" CTM="0.9039 -0.4277 0.4277 0.9039 8.569 4.6114" Boundary="90 4 30 20" Font="2436" Size="2.47"><ofd:FillColor Value="255 0 0" ColorSpace="2431"/><ofd:TextCode X="-1.235" Y="0.8904">统</ofd:TextCode></ofd:TextObject><ofd:TextObject ID="2440" CTM="0.9793 -0.2024 0.2024 0.9793 11.7488 3.7652" Boundary="90 4 30 20" Font="2436" Size="2.47"><ofd:FillColor Value="255 0 0" ColorSpace="2431"/><ofd:TextCode X="-1.235" Y="0.8904">一</ofd:TextCode></ofd:TextObject><ofd:TextObject ID="2441" CTM="1 0.0019 -0.0019 1 15.0306 3.5" Boundary="90 4 30 20" Font="2436" Size="2.47"><ofd:FillColor Value="255 0 0" ColorSpace="2431"/><ofd:TextCode X="-1.235" Y="0.8904">发</ofd:TextCode></ofd:TextObject><ofd:TextObject ID="2442" CTM="0.9785 0.2062 -0.2062 0.9785 18.3086 3.7748" Boundary="90 4 30 20" Font="2436" Size="2.47"><ofd:FillColor Value="255 0 0" ColorSpace="2431"/><ofd:TextCode X="-1.235" Y="0.8904">票</ofd:TextCode></ofd:TextObject><ofd:TextObject ID="2443" CTM="0.9018 0.4321 -0.4321 0.9018 21.4875 4.6331" Boundary="90 4 30 20" Font="2436" Size="2.47"><ofd:FillColor Value="255 0 0" ColorSpace="2431"/><ofd:TextCode X="-1.235" Y="0.8904">监</ofd:TextCode></ofd:TextObject><ofd:TextObject ID="2444" CTM="0.7131 0.7011 -0.7011 0.7131 24.3619 6.2251" Boundary="90 4 30 20" Font="2436" Size="2.47"><ofd:FillColor Value="255 0 0" ColorSpace="2431"/><ofd:TextCode X="-1.235" Y="0.8904">制</ofd:TextCode></ofd:TextObject><ofd:TextObject ID="2445" CTM="0.2539 0.9672 -0.9672 0.2539 26.31 8.8232" Boundary="90 4 30 20" Font="2436" Size="2.47"><ofd:FillColor Value="255 0 0" ColorSpace="2431"/><ofd:TextCode X="-1.235" Y="0.8904">章</ofd:TextCode></ofd:TextObject><ofd:TextObject ID="2446" CTM="0.8839 -0.4677 0.4677 0.8839 21.9261 15.1889" Boundary="90 4 30 20" Font="2436" Size="2.47"><ofd:FillColor Value="255 0 0" ColorSpace="2431"/><ofd:TextCode X="-1.235" Y="0.8904">局</ofd:TextCode></ofd:TextObject><ofd:TextObject ID="2447" CTM="0.9638 -0.2667 0.2667 0.9638 19.2211 16.0463" Boundary="90 4 30 20" Font="2436" Size="2.47"><ofd:FillColor Value="255 0 0" ColorSpace="2431"/><ofd:TextCode X="-1.235" Y="0.8904">务</ofd:TextCode></ofd:TextObject><ofd:TextObject ID="2448" CTM="0.9962 -0.0865 0.0865 0.9962 16.4136 16.4507" Boundary="90 4 30 20" Font="2436" Size="2.47"><ofd:FillColor Value="255 0 0" ColorSpace="2431"/><ofd:TextCode X="-1.235" Y="0.8904">税</ofd:TextCode></ofd:TextObject><ofd:TextObject ID="2449" CTM="0.9962 0.0874 -0.0874 0.9962 13.5725 16.4497" Boundary="90 4 30 20" Font="2436" Size="2.47"><ofd:FillColor Value="255 0 0" ColorSpace="2431"/><ofd:TextCode X="-1.235" Y="0.8904">省</ofd:TextCode></ofd:TextObject><ofd:TextObject ID="2450" CTM="0.9635 0.2678 -0.2678 0.9635 10.7626 16.0427" Boundary="90 4 30 20" Font="2436" Size="2.47"><ofd:FillColor Value="255 0 0" ColorSpace="2431"/><ofd:TextCode X="-1.235" Y="0.8904">北</ofd:TextCode></ofd:TextObject><ofd:TextObject ID="2451" CTM="0.883 0.4693 -0.4693 0.883 8.0547 15.1807" Boundary="90 4 30 20" Font="2436" Size="2.47"><ofd:FillColor Value="255 0 0" ColorSpace="2431"/><ofd:TextCode X="-1.235" Y="0.8904">湖</ofd:TextCode></ofd:TextObject></ofd:Layer></ofd:Content></ofd:Page>
