<?xml version="1.0" encoding="UTF-8"?><ofd:Signature xmlns:ofd="http://www.ofdspec.org/2016"><ofd:SignedInfo><ofd:Provider ProviderName="ChinaRailway12306" Company="ChinaRailway12306" Version="4"/><ofd:SignatureMethod>1.2.156.10197.1.501</ofd:SignatureMethod><ofd:SignatureDateTime>20250807110004</ofd:SignatureDateTime><ofd:References CheckMethod="sm3"><ofd:Reference FileRef="/Doc_0/Attachs/Attachments.xml"><ofd:CheckValue>HCKzpl07AQ/8YPCnXXCKEq6/ZQmbTeH8ze0IUIF0oVA=</ofd:CheckValue></ofd:Reference><ofd:Reference FileRef="/Doc_0/Attachs/rai_issuer_20250807_25429165818002269811.xml"><ofd:CheckValue>0i7jOs5QS9hrGqB3w/OUvzvkDp7kyrObMUguiJvRzXs=</ofd:CheckValue></ofd:Reference><ofd:Reference FileRef="/Doc_0/Document.xml"><ofd:CheckValue>OhFybS0+0FFGU0AMezaI7p/S7PF3JA4QNk/BP7vtqmU=</ofd:CheckValue></ofd:Reference><ofd:Reference FileRef="/Doc_0/DocumentRes.xml"><ofd:CheckValue>T+omdg/ABicsySUh31/40NLdgXKUhFJY+mdOZI7jXnI=</ofd:CheckValue></ofd:Reference><ofd:Reference FileRef="/Doc_0/Pages/Page_0/Content.xml"><ofd:CheckValue>n+VgThaCSCtotMc0jE6awAeNOC2dppp7ke/f9V+EX18=</ofd:CheckValue></ofd:Reference><ofd:Reference FileRef="/Doc_0/PublicRes.xml"><ofd:CheckValue>Mf3m05R/u6/lYAQqIAI/jeeeaFRJ0WKgfm/hOk16Egk=</ofd:CheckValue></ofd:Reference><ofd:Reference FileRef="/Doc_0/Res/image_2403.png"><ofd:CheckValue>CFMUEvwjQzLa52x1KNCu7s6ep0lCFYZnmlmQ3CoibcM=</ofd:CheckValue></ofd:Reference><ofd:Reference FileRef="/Doc_0/Res/image_2418.png"><ofd:CheckValue>2n/Zf4/H/qdeTRLKirzkk6EVgWp7bQoFAcYPPLKZr6U=</ofd:CheckValue></ofd:Reference><ofd:Reference FileRef="/Doc_0/Tpls/Tpl_0/Content.xml"><ofd:CheckValue>FWtIQUiYPXWf86WdPykplc5vCkg4+Aqque6uPo1MubM=</ofd:CheckValue></ofd:Reference></ofd:References></ofd:SignedInfo><ofd:SignedValue>SignedValue.dat</ofd:SignedValue></ofd:Signature>