<?xml version="1.0" encoding="UTF-8"?>
<ofd:Document xmlns:ofd="http://www.ofdspec.org/2016">
	<ofd:CommonData>
		<ofd:TemplatePage ID="2176" BaseLoc="Tpls/Tpl_0/Content.xml" ZOrder="Background"/><ofd:MaxUnitID>2452</ofd:MaxUnitID>
		<ofd:PageArea>
			<ofd:PhysicalBox>0 0 210 297</ofd:PhysicalBox>
		</ofd:PageArea>
		<ofd:PublicRes>PublicRes.xml</ofd:PublicRes>
		<ofd:DocumentRes>DocumentRes.xml</ofd:DocumentRes>
	</ofd:CommonData>
	<ofd:Pages><ofd:Page ID="1" BaseLoc="Pages/Page_0/Content.xml"/></ofd:Pages>
<ofd:Attachments>Attachs/Attachments.xml</ofd:Attachments></ofd:Document>
