<?xml version="1.0" encoding="UTF-8"?>
<ofd:OFD xmlns:ofd="http://www.ofdspec.org/2016" DocType="OFD" Version="1.1"><ofd:DocBody><ofd:DocInfo><ofd:DocID>7a3941903b8311ec80000d6000000c60</ofd:DocID><ofd:Author>CHEN</ofd:Author><ofd:CreationDate>2025-08-07</ofd:CreationDate><ofd:ModDate>2025-08-07</ofd:ModDate><ofd:CustomDatas><ofd:CustomData Name="native-producer">swdomsdk</ofd:CustomData><ofd:CustomData Name="producer-version">2.0.23.0830.1400</ofd:CustomData></ofd:CustomDatas></ofd:DocInfo><ofd:DocRoot>Doc_0/Document.xml</ofd:DocRoot><ofd:Signatures>/Doc_0/Signs/Signatures.xml</ofd:Signatures></ofd:DocBody></ofd:OFD>
