<?xml version="1.0" encoding="UTF-8" standalone="yes"?><xbrl xmlns="http://www.xbrl.org/2003/instance" xmlns:num="http://www.xbrl.org/dtr/type/numeric" xmlns:link="http://www.xbrl.org/2003/linkbase" xmlns:iso4217="http://www.xbrl.org/2003/iso4217" xmlns:xbrldt="http://xbrl.org/2005/xbrldt" xmlns:label="http://xbrl.org/2008/label" xmlns:xbrli="http://www.xbrl.org/2003/instance" xmlns:xsi="http://www.w3.org/2001/XMLSchema-instance" xmlns:gen="http://xbrl.org/2008/generic" xmlns:xl="http://www.xbrl.org/2003/XLink" xmlns:xbrldi="http://xbrl.org/2006/xbrldi" xmlns:rai="http://xbrl.mof.gov.cn/taxonomy/2021-11-30/rai" xmlns:nonnum="http://www.xbrl.org/dtr/type/non-numeric" xmlns:xlink="http://www.w3.org/1999/xlink" xsi:schemaLocation="http://www.xbrl.org/2003/linkbase http://www.xbrl.org/2003/xbrl-linkbase-2003-12-31.xsd"><link:schemaRef xlink:type="simple" xlink:href="rai_issuer_entry_point_2021-11-30.xsd"/><context id="As_Of_2025_08_07"><entity><identifier scheme="http://xbrl.mof.gov.cn">25429165818002269811</identifier></entity><period><instant>2025-08-07</instant></period></context><unit id="CNY"><measure>iso4217:CNY</measure></unit><rai:TypeOfVoucher contextRef="As_Of_2025_08_07">电子发票（铁路电子客票）</rai:TypeOfVoucher><rai:ElectronicInvoiceRailwayETicketNumber contextRef="As_Of_2025_08_07">25429165818002269811</rai:ElectronicInvoiceRailwayETicketNumber><rai:DateOfIssue contextRef="As_Of_2025_08_07">2025-08-07</rai:DateOfIssue><rai:IssueParty contextRef="As_Of_2025_08_07" xsi:nil="true"/><rai:IssuePartyCode contextRef="As_Of_2025_08_07" xsi:nil="true"/><rai:TypeOfBusiness contextRef="As_Of_2025_08_07">售</rai:TypeOfBusiness><rai:DepartureStation contextRef="As_Of_2025_08_07">长沙南</rai:DepartureStation><rai:PhonicsOfDepartureStation contextRef="As_Of_2025_08_07">Changshanan</rai:PhonicsOfDepartureStation><rai:DestinationStation contextRef="As_Of_2025_08_07">贵阳北</rai:DestinationStation><rai:PhonicsOfDestinationStation contextRef="As_Of_2025_08_07">Guiyangbei</rai:PhonicsOfDestinationStation><rai:TrainNumber contextRef="As_Of_2025_08_07">G353</rai:TrainNumber><rai:TravelDate contextRef="As_Of_2025_08_07">2025-08-06</rai:TravelDate><rai:DepartureTime contextRef="As_Of_2025_08_07">11:03</rai:DepartureTime><rai:TypeOfRailwayTicket contextRef="As_Of_2025_08_07" xsi:nil="true"/><rai:AirConditioningCharacteristics contextRef="As_Of_2025_08_07" xsi:nil="true"/><rai:SeatLevel contextRef="As_Of_2025_08_07">二等座</rai:SeatLevel><rai:Carriage contextRef="As_Of_2025_08_07">12车</rai:Carriage><rai:Seat contextRef="As_Of_2025_08_07">13B号</rai:Seat><rai:DiscountMark contextRef="As_Of_2025_08_07" xsi:nil="true"/><rai:Fare contextRef="As_Of_2025_08_07" unitRef="CNY" decimals="2">314.50</rai:Fare><rai:AmountRefunded contextRef="As_Of_2025_08_07" unitRef="CNY" xsi:nil="true"/><rai:FareOfOriginalRailwayTicket contextRef="As_Of_2025_08_07" unitRef="CNY" xsi:nil="true"/><rai:DepartureStationOfOriginalRailwayTicket contextRef="As_Of_2025_08_07" xsi:nil="true"/><rai:DestinationStationOfOriginalRailwayTicket contextRef="As_Of_2025_08_07" xsi:nil="true"/><rai:ETicketNumber contextRef="As_Of_2025_08_07">65818A6086080699541652025</rai:ETicketNumber><rai:IdNumber contextRef="As_Of_2025_08_07">1302041980****1213</rai:IdNumber><rai:Name contextRef="As_Of_2025_08_07">阎君</rai:Name><rai:TotalAmountExcludingTax contextRef="As_Of_2025_08_07" unitRef="CNY" decimals="2">288.53</rai:TotalAmountExcludingTax><rai:TaxRate contextRef="As_Of_2025_08_07" unitRef="CNY" decimals="2">0.09</rai:TaxRate><rai:TaxAmount contextRef="As_Of_2025_08_07" unitRef="CNY" decimals="2">25.97</rai:TaxAmount><rai:NameOfPurchaser contextRef="As_Of_2025_08_07">中国水电基础局有限公司</rai:NameOfPurchaser><rai:UnifiedSocialCreditCodeOfPurchaser contextRef="As_Of_2025_08_07">911202221030604602</rai:UnifiedSocialCreditCodeOfPurchaser><rai:AddressPhoneNumberOfPurchaser contextRef="As_Of_2025_08_07" xsi:nil="true"/><rai:DepositBankAndAccountNumberOfPurchaser contextRef="As_Of_2025_08_07" xsi:nil="true"/><rai:NumberOfOriginalInvoice contextRef="As_Of_2025_08_07" xsi:nil="true"/><rai:Remarks contextRef="As_Of_2025_08_07" xsi:nil="true"/></xbrl>